,Year,intersection,health,climate
0,2011,0.0,7.857142857142857,0.7142857142857143
1,2012,0.47368421052631576,14.210526315789474,2.8421052631578947
2,2013,0.65,18.45,7.4
3,2014,0.07692307692307693,25.846153846153847,3.5384615384615383
4,2015,0.125,12.125,9.5
5,2016,0.1,22.4,8.7
6,2017,1.1,13.4,6.1
7,2018,0.2,14.6,2.8
8,2019,0.42857142857142855,17.285714285714285,4.142857142857143
9,2020,0.4,14.6,4.4
10,2021,1.7272727272727273,38.18181818181818,10.0
11,2022,0.875,25.5,9.75
