,Year,intersection,health,climate
0,2013,0.0,17.333333333333332,0.0
1,2014,0.0,2.5,0.5
2,2015,0.0,4.25,1.0
3,2016,0.0,1.0,0.5
4,2017,0.0,1.0,0.0
5,2018,0.25,13.25,6.5
6,2019,0.0,5.0,7.0
7,2020,0.0,7.666666666666667,14.333333333333334
8,2021,0.0,19.333333333333332,3.6666666666666665
9,2022,0.0,12.5,1.5
