,Year,intersection,health,climate
0,2011,2.5,34.5,21.5
1,2012,0.3333333333333333,29.666666666666668,25.666666666666668
2,2013,1.5,27.0,25.0
3,2014,1.0,34.0,19.5
4,2015,3.0,54.0,30.0
5,2016,3.0,51.0,40.0
6,2017,0.0,0.0,3.5
7,2018,0.0,1.0,1.0
8,2019,0.0,1.0,1.0
9,2020,0.0,1.0,1.0
10,2021,8.0,222.5,105.5
11,2022,8.0,192.0,184.5
