,Year,intersection,health,climate
0,2011,0.0,4.0,1.0
1,2012,0.0,7.5,0.0
2,2013,0.0,5.666666666666667,0.0
3,2014,1.0,33.333333333333336,11.0
4,2015,0.0,6.0,0.0
5,2016,0.2857142857142857,5.0,2.142857142857143
6,2017,1.3333333333333333,37.0,10.444444444444445
7,2018,0.14285714285714285,11.142857142857142,4.142857142857143
8,2019,0.0,5.666666666666667,5.666666666666667
9,2020,0.0,1.5,1.0
10,2021,0.3333333333333333,28.333333333333332,4.0
11,2022,0.0,27.25,3.5
