,Year,intersection,health,climate
0,2011,0.25,9.25,2.75
1,2012,0.0,1.0,2.0
2,2013,0.0,8.0,2.0
3,2014,0.0,4.5,1.0
4,2015,0.0,1.0,0.0
5,2016,0.0,15.666666666666666,0.6666666666666666
6,2017,0.0,6.5,0.5
7,2018,0.0,30.0,1.0
8,2019,0.0,32.0,3.0
9,2020,0.0,32.0,8.0
10,2021,1.0,35.0,11.0
11,2022,0.0,38.0,15.0
