,Year,intersection,health,climate
0,2011,0.0,22.5,9.0
1,2012,0.0,13.2,4.0
2,2013,0.0,14.0,8.25
3,2014,0.5,17.25,7.0
4,2015,0.0,21.333333333333332,5.333333333333333
5,2016,0.0,11.5,3.0
6,2017,0.3333333333333333,10.333333333333334,5.666666666666667
7,2018,0.0,5.0,4.0
8,2019,0.0,4.0,2.0
9,2021,0.0,7.0,0.0
10,2022,0.0,6.0,0.0
