,Year,intersection,health,climate
0,2011,0.0,16.625,0.375
1,2012,0.15,9.25,0.85
2,2013,0.1,17.7,0.8
3,2014,0.0,44.333333333333336,1.4444444444444444
4,2015,0.1,18.7,1.5
5,2016,0.2,29.0,2.2
6,2017,0.0,28.833333333333332,3.0
7,2018,0.0,34.333333333333336,3.3333333333333335
8,2019,0.0,36.75,2.75
9,2020,0.0,52.333333333333336,10.0
10,2021,0.0,29.5,3.3333333333333335
11,2022,0.6,26.5,2.4
