,Year,intersection,health,climate
0,2012,0.0,20.0,34.0
1,2015,0.0,0.0,0.0
2,2019,1.0,9.0,3.0
3,2020,0.0,7.0,1.0
4,2021,0.8571428571428571,28.714285714285715,6.857142857142857
5,2022,0.6,51.0,12.6
