Year,total_speeches,total_speeches_wp,total_speeches_sea,total_speeches_na,total_speeches_latamc,total_speeches_europe,total_speeches_em,total_speeches_africa,percent_africa,percent_em,percent_europe,percent_latamc,percent_na,percent_sea,percent_wp
2011,17,3,2,1,0,8,2,1,5.88235294117647,11.76470588235294,47.05882352941176,0,5.88235294117647,11.76470588235294,17.647058823529413
2012,22,1,2,3,2,11,1,2,9.090909090909092,4.545454545454546,50,9.090909090909092,13.636363636363635,9.090909090909092,4.545454545454546
2013,39,5,2,4,3,20,3,2,5.128205128205128,7.6923076923076925,51.28205128205128,7.6923076923076925,10.256410256410255,5.128205128205128,12.82051282051282
2014,38,3,2,1,5,19,2,6,15.789473684210526,5.263157894736842,50,13.157894736842104,2.631578947368421,5.263157894736842,7.894736842105263
2015,36,6,2,0,6,16,1,5,13.88888888888889,2.7777777777777777,44.44444444444444,16.666666666666664,0,5.555555555555555,16.666666666666664
2016,46,8,2,0,12,20,0,4,8.695652173913043,0,43.47826086956522,26.08695652173913,0,4.3478260869565215,17.391304347826086
2017,42,8,2,1,4,24,0,3,7.142857142857142,0,57.14285714285714,9.523809523809524,2.380952380952381,4.761904761904762,19.047619047619047
2018,43,7,2,2,4,21,0,7,16.27906976744186,0,48.837209302325576,9.30232558139535,4.651162790697675,4.651162790697675,16.27906976744186
2019,50,7,2,5,3,24,1,8,16,2,48,6,10,4,14.000000000000002
