,Year,intersection,health,climate
0,2011,0.3333333333333333,2.6666666666666665,0.3333333333333333
1,2012,0.3333333333333333,17.0,3.1666666666666665
2,2013,0.125,16.125,2.0
3,2014,0.125,19.75,2.5
4,2015,0.09090909090909091,8.545454545454545,0.2727272727272727
5,2016,0.1111111111111111,6.777777777777778,1.7777777777777777
6,2017,0.0,5.666666666666667,0.3333333333333333
7,2018,0.0,8.5,0.5
8,2019,2.0,22.0,6.0
9,2020,2.0,26.5,8.5
10,2021,0.0,17.0,0.0
11,2022,0.0,20.0,0.0
