,Year,intersection,health,climate
0,2012,0.0,6.5,0.0
1,2013,0.0,6.4,0.6
2,2014,0.0,2.2,0.6
3,2015,0.0,3.375,0.0
4,2016,0.0,4.833333333333333,0.0
5,2017,0.0,2.7777777777777777,0.1111111111111111
6,2018,0.0,0.6,0.0
7,2019,0.0,0.0,1.0
8,2020,0.0,0.0,0.0
