,Year,intersection,health,climate
0,2012,0.0,6.0,0.0
1,2013,0.0,18.5,5.0
2,2014,0.0,11.0,0.0
3,2016,0.0,11.0,0.0
4,2017,1.25,25.75,15.75
5,2018,1.3333333333333333,23.0,23.666666666666668
6,2019,1.0,31.0,22.5
7,2020,2.0,23.5,13.5
8,2021,2.3333333333333335,80.33333333333333,33.666666666666664
9,2022,5.0,54.0,50.333333333333336
