,Year,intersection,health,climate
0,2012,0.0,12.0,1.0
1,2013,0.0,6.0,0.0
2,2014,0.0,6.0,0.0
3,2015,0.3333333333333333,13.333333333333334,0.6666666666666666
