,Year,intersection,health,climate
0,2014,0.0,0.0,0.0
1,2015,0.0,3.6666666666666665,3.0
2,2016,0.0,0.6666666666666666,0.0
3,2017,0.0,9.6,2.0
4,2018,0.0,2.5,0.75
5,2019,0.0,5.0,1.5
6,2020,0.0,5.0,1.5
7,2021,0.0,9.333333333333334,2.6666666666666665
8,2022,1.6,29.6,18.4
