,Year,intersection,health,climate
0,2011,0.0,4.0,0.5
1,2012,0.0,9.2,1.4
2,2013,0.0,6.545454545454546,1.0
3,2014,0.07692307692307693,7.230769230769231,1.1538461538461537
4,2015,0.0,6.0,0.625
5,2016,0.0,7.857142857142857,1.0
6,2017,0.3333333333333333,5.833333333333333,1.1666666666666667
7,2018,0.0,7.666666666666667,0.3333333333333333
8,2019,0.0,2.25,3.25
9,2020,0.0,9.0,0.0
10,2021,0.6666666666666666,4.0,9.0
11,2022,0.2,1.0,4.4
