,Year,intersection,health,climate
0,2011,0.0,2.0,0.0
1,2012,0.0,3.0,0.0
2,2013,0.0,3.6666666666666665,0.0
3,2014,0.0,10.0,0.3333333333333333
4,2015,1.3333333333333333,10.666666666666666,1.0
5,2016,0.0,1.5,0.0
6,2017,1.3333333333333333,6.0,1.0
7,2018,2.0,7.0,1.0
8,2019,1.3333333333333333,5.666666666666667,0.6666666666666666
9,2020,0.0,4.5,1.0
10,2021,2.0,13.75,2.25
11,2022,1.5,12.25,6.5
