,Year,intersection,health,climate
0,2011,1.0,28.6,6.8
1,2012,0.0,15.166666666666666,3.3333333333333335
2,2013,0.75,17.875,4.5
3,2014,0.625,51.25,4.5
4,2015,0.4,11.1,5.3
5,2016,0.375,16.25,9.75
6,2017,0.4,16.4,9.6
7,2018,0.6666666666666666,18.22222222222222,7.111111111111111
8,2019,0.5833333333333334,13.25,4.083333333333333
9,2020,0.7857142857142857,16.857142857142858,7.0
10,2021,1.2608695652173914,35.65217391304348,12.130434782608695
11,2022,1.7142857142857142,31.0,16.38095238095238
