,Year,intersection,health,climate
0,2011,0.2,6.2,1.8
1,2012,0.6666666666666666,12.0,2.0
2,2013,0.5,42.75,4.75
3,2014,0.25,13.0,8.75
4,2015,0.0,19.666666666666668,10.333333333333334
5,2016,0.0,20.5,7.0
6,2017,0.8,31.0,23.8
7,2018,0.0,15.714285714285714,5.142857142857143
8,2019,2.0,85.0,56.0
9,2020,5.0,69.0,56.0
10,2021,2.0,44.75,25.25
11,2022,0.2,19.4,7.8
