,Year,intersection,health,climate
0,2011,0.0,20.0,0.5
1,2012,0.0,7.0,2.0
2,2013,0.0,5.5,2.5
3,2014,0.0,6.0,3.0
4,2015,0.0,7.5,2.0
5,2016,0.3333333333333333,16.666666666666668,3.0
6,2017,0.0,34.0,28.666666666666668
7,2018,0.0,6.0,2.0
8,2019,0.0,6.5,2.5
9,2020,0.0,7.0,4.5
10,2021,0.0,6.666666666666667,1.3333333333333333
11,2022,0.0,8.0,4.0
