,Year,intersection,health,climate
0,2011,0.0,8.0,0.0
1,2012,0.0,3.0,0.0
2,2013,0.0,5.0,0.0
3,2014,0.0,19.0,15.0
4,2015,0.0,18.333333333333332,8.666666666666666
5,2016,0.0,11.4,4.4
6,2017,0.0,23.0,14.0
7,2018,0.0,1.0,0.0
8,2019,0.0,1.0,0.0
