,Year,intersection,health,climate
0,2014,3.0,34.0,2.0
1,2015,0.0,54.0,1.0
2,2016,0.0,86.0,1.0
3,2017,0.0,97.0,1.0
4,2018,16.0,287.0,7.0
5,2019,2.0,26.333333333333332,1.6666666666666667
6,2020,4.0,109.5,2.0
7,2021,0.0,1.0,1.0
8,2022,6.0,59.0,12.5
