,Year,intersection,health,climate
0,2012,0.0,18.0,2.0
1,2013,0.0,21.0,0.0
2,2014,0.0,30.0,0.0
3,2016,0.0,57.0,0.0
4,2017,0.0,16.5,9.5
5,2018,0.0,55.5,13.5
6,2019,0.0,52.666666666666664,16.0
7,2020,0.5,64.0,28.5
8,2021,0.6,47.6,15.8
9,2022,1.6666666666666667,52.333333333333336,17.0
