,Year,intersection,health,climate
0,2011,0.0,66.0,6.0
1,2012,0.0,114.0,15.0
2,2013,8.0,142.33333333333334,28.0
3,2014,3.3333333333333335,112.0,11.0
4,2015,3.0,111.33333333333333,11.666666666666666
5,2016,3.25,62.75,6.0
6,2017,0.5,66.5,9.25
7,2018,0.3333333333333333,190.66666666666666,21.666666666666668
8,2019,1.0,153.33333333333334,4.333333333333333
9,2020,2.0,137.0,15.5
10,2021,2.6,108.8,16.2
11,2022,7.8,153.8,37.4
