,Year,intersection,health,climate
0,2011,0.0,14.0,0.3333333333333333
1,2012,0.0,17.5,0.5
2,2013,0.0,16.0,0.0
3,2014,0.0,17.5,0.5
4,2015,0.0,24.5,0.5
5,2016,0.0,25.0,0.5
6,2017,0.6666666666666666,91.33333333333333,1.0
7,2018,1.5,143.5,1.5
8,2019,1.3333333333333333,162.33333333333334,3.3333333333333335
9,2020,4.0,86.5,3.0
10,2021,2.3333333333333335,161.33333333333334,2.3333333333333335
11,2022,4.0,144.66666666666666,2.3333333333333335
