,Year,intersection,health,climate
0,2011,0.0,15.0,7.0
1,2012,0.0,0.0,0.0
2,2013,0.0,2.0,0.16666666666666666
3,2014,0.0,3.2857142857142856,0.14285714285714285
4,2015,0.0,0.75,0.0
5,2016,0.0,3.6,0.2
6,2017,0.0,2.6666666666666665,1.0
7,2018,0.6666666666666666,3.6666666666666665,1.3333333333333333
8,2019,0.0,2.5,0.0
9,2020,1.25,7.75,1.5
10,2021,0.2,5.6,0.6
11,2022,0.25,5.5,2.25
