,Year,intersection,health,climate
0,2011,0.0,5.0,0.0
1,2012,0.0,11.0,17.0
2,2013,0.0,1.0,1.0
3,2014,0.0,0.0,0.0
4,2015,0.14285714285714285,7.428571428571429,2.7142857142857144
5,2016,0.09090909090909091,7.181818181818182,2.5454545454545454
6,2017,0.0,7.555555555555555,0.8888888888888888
7,2018,0.2,8.0,0.8
8,2019,0.0,5.833333333333333,2.0
9,2020,0.0,3.0,1.0
10,2021,0.16666666666666666,19.333333333333332,2.8333333333333335
11,2022,0.2857142857142857,19.571428571428573,3.0
