,Year,intersection,health,climate
0,2011,0.0,0.0,0.0
1,2012,0.0,13.5,0.0
2,2013,0.0,4.4,0.4
3,2014,0.0,3.6,0.4
4,2015,0.0,7.666666666666667,0.0
5,2016,1.6,23.0,3.0
6,2017,0.3333333333333333,8.666666666666666,1.0
7,2018,4.0,91.66666666666667,27.0
8,2019,0.8333333333333334,53.0,18.333333333333332
9,2020,0.8571428571428571,61.285714285714285,25.428571428571427
10,2021,5.0,104.6923076923077,23.46153846153846
11,2022,5.333333333333333,116.22222222222223,63.888888888888886
