,Year,intersection,health,climate
0,2011,0.0,30.333333333333332,11.666666666666666
1,2012,0.0,24.333333333333332,16.666666666666668
2,2013,0.25,29.0,13.75
3,2014,1.6666666666666667,48.333333333333336,16.0
4,2015,2.0,36.0,15.25
5,2016,0.0,37.5,4.0
6,2017,0.0,33.5,2.5
7,2018,0.0,7.75,1.5
8,2019,0.0,16.4,3.8
9,2020,3.0,30.333333333333332,41.0
10,2021,8.428571428571429,52.285714285714285,36.0
11,2022,6.444444444444445,43.888888888888886,22.88888888888889
