,Year,intersection,health,climate
0,2011,0.0,41.0,2.0
1,2012,0.3333333333333333,26.0,1.3333333333333333
2,2013,0.0,26.0,0.0
3,2014,0.0,44.5,1.0
4,2015,0.0,101.0,0.0
5,2017,2.0,42.0,29.0
6,2018,4.5,35.0,12.0
7,2019,4.333333333333333,152.0,11.666666666666666
8,2020,0.25,24.25,3.5
9,2021,2.6,86.9,14.9
10,2022,6.25,56.333333333333336,16.416666666666668
