,Year,intersection,health,climate
0,2013,0.0,186.0,6.0
1,2014,0.0,0.0,0.0
2,2015,0.0,6.75,0.0
3,2016,1.0,24.5,16.5
4,2017,0.0,8.0,2.0
5,2018,0.0,19.0,4.0
6,2019,1.5,13.0,12.5
7,2020,1.0,7.0,6.0
8,2021,0.2,11.4,3.6
9,2022,11.333333333333334,30.833333333333332,12.333333333333334
