,Year,intersection,health,climate
0,2011,0.0,10.5,0.0
1,2012,0.0,7.25,0.0
2,2013,0.0,18.666666666666668,0.6666666666666666
3,2014,0.0,20.5,3.75
4,2015,0.4,18.8,4.8
5,2016,0.0,15.125,2.5
6,2017,0.0,26.833333333333332,5.5
7,2018,0.4,31.6,7.0
8,2019,1.5,44.0,8.666666666666666
9,2020,1.7142857142857142,44.0,8.285714285714286
10,2021,1.7777777777777777,49.666666666666664,14.11111111111111
11,2022,2.8,60.4,16.9
