,Year,intersection,health,climate
0,2012,0.0,20.0,34.0
1,2014,0.0,23.5,1.5
2,2015,0.0,16.0,0.75
3,2016,0.0,9.833333333333334,0.5
4,2017,0.4,18.4,16.0
5,2018,0.0,14.333333333333334,3.3333333333333335
6,2019,0.2,28.4,5.8
7,2020,1.5,56.0,8.5
8,2021,1.6,28.9,13.3
9,2022,0.4444444444444444,26.555555555555557,7.888888888888889
