,Year,intersection,health,climate
0,2012,0.0,0.0,0.0
1,2013,0.0,0.0,0.0
2,2014,0.0,1.0,1.25
3,2015,0.25,10.25,6.75
4,2016,0.6666666666666666,20.0,7.0
5,2017,0.0,2.0,0.0
6,2018,0.0,2.6666666666666665,0.0
7,2019,0.0,13.0,0.0
8,2020,0.3333333333333333,29.0,9.0
9,2021,0.0,26.5,0.0
10,2022,2.6,30.4,9.2
