,Year,intersection,health,climate
0,2011,0.0,14.7,0.9
1,2012,0.0,9.384615384615385,1.3846153846153846
2,2013,0.0,10.866666666666667,0.8666666666666667
3,2014,0.125,24.625,2.0
4,2015,0.0,15.2,0.6
5,2016,0.14285714285714285,16.071428571428573,0.5
6,2017,0.0,10.454545454545455,1.2727272727272727
7,2018,0.4444444444444444,22.22222222222222,1.2222222222222223
8,2019,0.3333333333333333,17.333333333333332,2.3333333333333335
9,2020,0.0,5.0,1.5
10,2021,1.0,47.333333333333336,5.5
11,2022,0.5,32.0,4.25
