,Year,intersection,health,climate
0,2013,0.0,2.0,0.6666666666666666
1,2014,0.0,0.0,0.0
2,2016,0.0,0.0,2.0
3,2021,0.0,7.333333333333333,1.6666666666666667
4,2022,0.5,38.0,6.5
