,Year,intersection,health,climate
0,2011,0.0,30.714285714285715,1.0
1,2012,0.0,33.142857142857146,5.714285714285714
2,2013,0.42857142857142855,21.285714285714285,3.2857142857142856
3,2014,0.0,33.8,2.6
4,2015,0.0,27.5,3.5
5,2016,0.0,18.0,4.666666666666667
6,2017,0.0,17.0,4.8
7,2018,0.2727272727272727,23.545454545454547,4.636363636363637
8,2019,1.4,25.0,4.8
9,2020,0.6666666666666666,57.666666666666664,10.333333333333334
10,2021,3.0,73.8,11.7
11,2022,0.8571428571428571,42.5,6.785714285714286
