,Year,intersection,health,climate
0,2011,0.0,1.0,0.0
1,2012,0.0,2.0,0.3333333333333333
2,2013,0.0,6.333333333333333,0.3333333333333333
3,2015,0.0,4.333333333333333,0.3333333333333333
4,2016,0.0,5.5,0.5
5,2017,0.0,10.0,0.0
6,2018,0.0,34.0,1.0
7,2019,4.0,82.0,7.0
8,2020,1.5,26.0,3.0
9,2021,1.0,25.75,1.25
10,2022,0.25,21.25,1.5
