,Year,intersection,health,climate
0,2011,0.0,3.0,0.0
1,2012,8.0,237.0,6.0
2,2015,0.0,0.0,0.0
3,2016,0.0,13.0,0.3333333333333333
4,2017,0.0,11.5,5.0
5,2018,0.0,19.333333333333332,3.0
6,2019,0.6666666666666666,7.333333333333333,10.0
7,2020,0.0,9.0,4.5
8,2021,0.2,11.8,5.4
9,2022,1.0,34.833333333333336,14.333333333333334
