,Year,intersection,health,climate
0,2011,0.0,1.0,0.0
1,2012,0.0,6.0,0.0
2,2013,0.5,16.0,2.5
3,2014,0.5,11.5,3.5
4,2015,1.0,16.0,4.0
5,2016,0.0,13.6,4.4
6,2017,0.0,9.0,4.142857142857143
7,2018,0.16666666666666666,3.6666666666666665,19.333333333333332
8,2019,0.7777777777777778,4.666666666666667,13.777777777777779
9,2020,0.0,11.6,4.0
10,2021,0.5,37.375,32.0
11,2022,0.45454545454545453,29.181818181818183,16.363636363636363
