,Year,intersection,health,climate
0,2012,0.5,24.5,27.0
1,2015,0.0,16.0,0.0
2,2016,0.0,33.0,0.0
3,2017,0.25,26.5,1.0
4,2018,1.0,4.0,1.0
5,2019,0.0,27.666666666666668,1.0
6,2020,0.0,7.166666666666667,0.8333333333333334
7,2021,0.25,20.0,3.0
8,2022,0.3333333333333333,16.0,5.0
