,Year,intersection,health,climate
0,2013,0.0,9.0,0.5
1,2014,0.0,6.666666666666667,0.3333333333333333
2,2015,0.0,19.333333333333332,3.6666666666666665
3,2016,0.0,5.333333333333333,0.0
4,2017,0.0,14.0,0.0
5,2018,0.0,18.666666666666668,2.6666666666666665
6,2019,2.0,13.5,1.0
7,2020,0.0,10.0,0.0
8,2021,0.4,23.6,1.4
9,2022,0.16666666666666666,32.833333333333336,1.5
