,Year,intersection,health,climate
0,2011,0.5,16.25,4.0
1,2012,0.0,5.25,2.0
2,2013,0.2,15.6,8.8
3,2014,0.0,4.0,0.5
4,2015,0.0,2.1666666666666665,0.6666666666666666
5,2016,0.0,3.0,2.0
6,2017,0.0,4.166666666666667,0.3333333333333333
7,2018,0.25,9.75,6.25
8,2019,0.0,4.5,0.875
9,2020,0.0,5.75,1.75
10,2021,0.0,8.8,1.4
11,2022,0.2857142857142857,9.142857142857142,3.857142857142857
