,Year,intersection,health,climate
0,2011,0.0,0.5,0.5
1,2012,0.0,20.5,7.0
2,2013,1.75,21.5,8.75
3,2014,0.25,19.25,7.25
4,2015,0.0,12.0,2.5
5,2016,0.0,3.5,0.5
6,2017,0.6666666666666666,15.0,3.6666666666666665
7,2018,0.0,4.333333333333333,0.3333333333333333
8,2019,0.0,5.0,0.0
9,2020,0.3333333333333333,4.666666666666667,6.666666666666667
10,2021,2.8,93.4,12.8
11,2022,0.5,12.5,15.0
