,Year,intersection,health,climate
0,2011,0.0,49.0,1.0
1,2012,1.0,116.0,3.0
2,2013,0.0,87.0,0.0
3,2014,14.666666666666666,60.0,8.0
4,2015,3.0,42.0,6.75
5,2016,0.6666666666666666,13.666666666666666,0.6666666666666666
6,2017,0.0,3.5,0.0
7,2018,0.0,40.5,0.0
8,2019,0.0,29.333333333333332,0.0
9,2020,0.0,14.0,0.0
10,2021,5.0,45.5,2.5
11,2022,0.3333333333333333,26.0,1.6666666666666667
