,Year,intersection,health,climate
0,2012,0.0,10.666666666666666,1.3333333333333333
1,2013,0.0,4.0,0.8
2,2014,0.0,2.6666666666666665,0.6666666666666666
3,2015,0.0,2.5,0.5
4,2016,0.0,4.75,0.5
5,2017,0.4,4.0,1.0
6,2018,0.25,8.5,4.25
7,2019,0.125,6.25,1.75
8,2020,0.5,21.5,8.5
9,2021,2.5714285714285716,40.214285714285715,8.214285714285714
10,2022,3.0,37.53846153846154,12.538461538461538
