,Year,intersection,health,climate
0,2013,0.0,3.0,0.0
1,2014,0.0,3.0,0.0
2,2015,0.0,3.0,0.0
3,2016,0.0,3.0,0.0
4,2017,0.0,44.0,2.0
5,2018,0.3333333333333333,74.66666666666667,2.0
6,2019,0.0,43.0,0.5
7,2020,0.0,89.33333333333333,8.333333333333334
8,2021,1.0,47.333333333333336,3.0
9,2022,5.333333333333333,209.0,11.0
