Year,total_texts,health_texts,climate_texts,intersection_texts,percent_int,percent_CC,percent_PH
2011,17,10,5,0,0,29.411764705882355,58.82352941176471
2012,22,16,7,3,13.636363636363635,31.818181818181817,72.72727272727273
2013,39,23,9,1,2.564102564102564,23.076923076923077,58.97435897435898
2014,38,23,8,5,13.157894736842104,21.052631578947366,60.526315789473685
2015,36,23,11,4,11.11111111111111,30.555555555555557,63.888888888888886
2016,46,27,12,5,10.869565217391305,26.08695652173913,58.69565217391305
2017,42,29,16,4,9.523809523809524,38.095238095238095,69.04761904761905
2018,43,31,20,5,11.627906976744185,46.51162790697674,72.09302325581395
