,Year,intersection,health,climate
0,2011,0.0,1.0,0.0
1,2012,0.0,1.0,2.0
2,2013,0.75,3.75,7.0
3,2014,0.0,1.0,1.0
4,2015,0.0,1.5,0.5
5,2016,0.0,1.0,10.0
6,2017,0.0,1.3333333333333333,3.6666666666666665
7,2019,0.0,1.0,0.0
8,2020,0.0,1.0,0.0
9,2021,0.0,0.0,0.0
10,2022,0.0,0.0,0.0
