,Year,intersection,health,climate
0,2011,0.0,13.0,3.0
1,2012,0.0,25.0,2.0
2,2013,6.0,6.0,12.0
3,2015,0.5,8.5,8.0
4,2016,0.0,0.0,2.0
5,2017,0.0,5.0,6.0
6,2018,0.25,1.75,0.75
7,2019,0.0,7.5,7.5
8,2020,0.0,6.0,10.0
9,2021,1.6666666666666667,46.333333333333336,26.0
10,2022,1.3333333333333333,47.666666666666664,41.0
